name,location,price,capacity,rating,reviews,description
Park Tavern: The Piedmont Room & Piedmont Garden Tent,Georgia,$$,251-300 Guests,4.7,132,"Located in the heart of the city overlooking Piedmont Park, our venues celebrate what Atlanta is all about: city skylines tucked in among the trees and seasonal colors."
Monday Night Brewing: The Garage,Metro Atlanta,$$,300+ Guests,4.9,14,Monday Night Garage is one of Atlanta’s most charming and inviting private event spaces.
FORTH Hotel Atlanta,Georgia,$$$$,201-250 Guests,0.0,0,"FORTH Hotel Atlanta is a deluxe wedding venue in Atlanta, GA, boasting an elegant ballroom and state-of-the-art facilities."
The Kimpton Shane,Atlanta,$$$,51-100 Guests,0.0,0,"The Kimpton Shane is a boutique hotel venue in Atlanta, GA, featuring stunning architecture and stylish furnishings."
Ambient + Studio,"Atlanta, GA",$$,251-300 Guests,4.4,9,"Ambient + Studio in Atlanta, GA, is a unique wedding venue built in 1910."
Wahoo! Grill,"Decatur, GA",$$,201-250 Guests,5.0,101,"Book your wedding, wedding reception or rehearsal dinner at Wahoo! and you can relax, enjoy and leave the rest to our outstanding staff."
Factory Atlanta,"Atlanta, GA",$$$,300+ Guests,5.0,6,Factory Atlanta is a versatile wedding venue perfect for couples who love to get creative.
Journeyman's Hall,"Atlanta, GA",$$,151-200 Guests,5.0,4,"Journeyman's Hall is a wedding venue located in South Downtown Atlanta, GA."
Terminus 330,Atlanta Georgia,$$,151-200 Guests,4.9,15,Terminus 330 is an award-winning wedding venue located in the heart of the Centennial Park District in downtown Atlanta.
Atlanta Botanical Garden,"Atlanta, GA",$$$,151-200 Guests,4.7,21,"The Atlanta Botanical Garden is a versatile indoor/outdoor wedding venue in Atlanta, GA."
Emory Conference Center Hotel,"Atlanta, GA",$$,300+ Guests,4.8,41,"Emory Conference Center Hotel is an elegant venue situated in Atlanta, GA, offering versatility and unique surroundings."
Swan Coach House,"Atlanta, GA",$$,101-150 Guests,5.0,7,"Swan Coach House is an elegant wedding venue in Atlanta, GA, originally part of Atlanta’s famed Inman family estate."
Historic DeKalb Courthouse,"Decatur, GA",$$,101-150 Guests,4.9,93,Wow your guests in the Historic DeKalb Courthouse; a premier wedding venue in the heart of charming Decatur.
Intercontinental Buckhead Atlanta,"Atlanta, GA",$$$,300+ Guests,5.0,8,InterContinental Buckhead Atlanta is a hotel wedding venue that combines classic charm with modern luxury.
Grand Hyatt Atlanta in Buckhead,"Atlanta, GA",$$$,300+ Guests,5.0,4,"Grand Hyatt Atlanta in Buckhead is an elegant wedding venue in Atlanta, GA, offering a luxurious yet down-to-earth vibe."
The Westside Warehouse,"Atlanta, GA",$$,151-200 Guests,5.0,37,The Westside Warehouse is located in the heart of Atlanta’s west-midtown creative district.
Renaissance Concourse Atlanta Airport Hotel,"Atlanta, GA",$$$,300+ Guests,0.0,0,Renaissance Concourse Atlanta Airport Hotel is an elegant wedding venue that combines luxury and convenience.
42West Entertainment Group,"Atlanta, GA",$$$,251-300 Guests,5.0,6,42West Entertainment Group is a wedding and special event venue located in West Atlanta.
Callanwolde Fine Arts Center,"Atlanta, GA",$$$,151-200 Guests,4.6,38,"Callanwolde Fine Arts Center is a unique wedding venue in Atlanta, GA, with a century-long legacy."
The Trolley Barn,"Atlanta, GA",$$,201-250 Guests,4.2,42,"This 1889 structure features hardwood floors, a patio and garden area off of the main hall, two getting ready suites, a warming kitchen and is fully climate controlled."
The Wimbish House,"Atlanta, GA",$$,201-250 Guests,4.9,85,The Wimbish House has been the destination for weddings and events for nearly a century.
Hotel Colee,"Atlanta, GA",$$$,251-300 Guests,0.0,0,"Hotel Colee is an award-winning hotel in Atlanta, GA, ideal for hosting celebrations."
Omni Atlanta Hotel at Centennial Park,"Atlanta, GA",,300+ Guests,5.0,2,"Omni Atlanta Hotel at CNN Center is the perfect Atlanta, GA, wedding venue with hotel banquet and catering services."
Rhodes Hall,"Atlanta, GA",$$,101-150 Guests,4.5,21,"Rhodes Hall is a mansion and wedding venue located in Atlanta, GA, known as the 'Castle on Peachtree.'"
Epicurean Hotel Atlanta,"Atlanta, GA",$$$,101-150 Guests,5.0,3,"Epicurean Hotel Atlanta is a luxe and lavish wedding venue in Atlanta, GA, inspired by sleek modern architecture."
Waldorf Astoria Atlanta Buckhead,"Atlanta, GA",$$$$,51-100 Guests,4.9,7,Waldorf Astoria Atlanta Buckhead is a luxurious wedding venue in one of Atlanta’s most prestigious neighborhoods.
SCAD Ivy Hall,Georgia,$$,101-150 Guests,4.5,4,"SCAD Ivy Hall is a historic wedding venue situated in Atlanta, GA, originally constructed in 1883."
Enon Ranch,"Atlanta, GA",$$,251-300 Guests,5.0,2,"Enon Ranch is a beautiful wedding venue located in Atlanta, GA, offering a rustic event space."
Pristine Chapel Lakeside,"Jonesboro, GA",$$,251-300 Guests,4.8,103,"Pristine Chapel Lakeside is a luxe ceremony and reception venue in Jonesboro, GA, serving the Atlanta area."
Stanley House Mansion,"Marietta, GA",$$,101-150 Guests,5.0,49,"Stanley House Mansion is a stunning wedding venue in Marietta, GA, exuding history and classic Southern charm."
Vecoma At The Yellow River,"Snellville, GA",$$,251-300 Guests,4.9,206,"Nestled on 70 acres of lush forest along the scenic Yellow River, Vecoma at the Yellow River is one of metro Atlanta's premier all-inclusive wedding venues."
Brick and Ivey,"Marietta, GA",$$,151-200 Guests,5,109,"North Atlanta's newest wedding venue with exposed white brick walls, two bridal suites, and separate event spaces for cocktail hour and after parties."
The Atrium,"Norcross, GA",$$,101-150 Guests,4.9,151,A contemporary wedding venue with a mezzanine level overlooking a two-story glass atrium in a magnificent garden property.
Primrose Cottage,"Roswell, GA",$$,300+ Guests,4.9,273,"An enchanting three-story home situated on a stately front lawn in Historic Roswell, hidden from the hustle and bustle of the city."
Little Gardens,"Lawrenceville, GA",$$,251-300 Guests,4.9,215,"A serene wedding venue with indoor and outdoor spaces, featuring a manor house and lavish green grounds."
Country Club of Roswell,"Roswell, GA",$$,201-250 Guests,4.7,23,A flexible venue accommodating both intimate celebrations and larger receptions with over 200 guests.
Flint Hill,"Norcross, GA",$$,251-300 Guests,4.8,205,"A beautifully restored historic mansion with farmhouse décor, a covered pavilion, and landscaped grounds."
Kimball Hall,"Roswell, GA",$$,151-200 Guests,5,164,"A newly renovated venue with indoor and outdoor ceremony sites, a brand new outdoor courtyard, and plenty of mingling space."
Roswell Historic Hall,"Roswell, GA",$$,300+ Guests,4.3,49,"A romantic wedding venue hosting various events, including weddings, graduations, and corporate events."
Olde Towne Special Events,"Atlanta, GA",$$,251-300 Guests,5,66,A full-service events facility offering stylish backdrops for weddings and milestone occasions.
Ivy Hall,"Roswell, GA",$$$,201-250 Guests,4.9,89,"A historic venue with Southern charm, originally built by Roswell King and rebuilt in 1882."
Glover Park Brewery,"Marietta, GA",$$,251-300 Guests,,,"A unique wedding venue in Marietta, GA."
Naylor Hall,"Roswell, GA",,201-250 Guests,5,173,A grand historic venue recently renovated with a complete makeover.
Huntcliff River Club,Atlanta Area,$$,101-150 Guests,4.9,30,A charming venue surrounded by century-old river oaks and manicured lawns near the Chattahoochee River.
Chattahoochee Nature Center,"Roswell, GA",$$,151-200 Guests,4.9,39,A nature-focused wedding venue allowing couples to connect with nature.
The Reserves at Hamilton Homes,"Mableton, GA",$$$,101-150 Guests,5,1,"A venue with gorgeous sunset views, timeless interiors, and a sweeping spiral staircase."
Roswell Mill Club,"Roswell, GA",$$,151-200 Guests,4.8,41,"A historic venue with Southern charm, originally built by Roswell King and rebuilt in 1882."
Whitestone Reserve,"Austell, GA",$$,101-150 Guests,5,21,"A stunning new venue with chandeliers, natural lighting, and neutral tones."
The 173 Carlyle House,"Norcross, GA",$$,300+ Guests,4.8,112,A beautiful turn-of-the-century mansion with elegant rooms and manicured grounds.
Westin Atlanta Airport,"Atlanta, GA",,300+ Guests,4,4,A convenient wedding venue near Hartsfield-Jackson International Airport.
Eden Garden House,"Lithonia, GA",$$$,151-200 Guests,,,A beautiful garden house facility renovated for special events.
Brumby Hall & Gardens,"Marietta, GA",$$,151-200 Guests,4,2,A historic wedding venue with meticulously kept gardens.
The Foxglove,"Marietta, GA",$$,300+ Guests,5,3,A characterful venue in the heart of Marietta's historic district.
Ashton Gardens Atlanta by Walters Wedding Estates,"Sugar Hill, GA",$$$,251-300 Guests,4.8,489,A premier wedding venue with a glass chapel and serene landscapes.
Conservatory at Waterstone,"Acworth, GA",$$,201-250 Guests,4.9,103,A historic banquet hall offering all-inclusive wedding solutions.
The Cotton Gin at Mill Creek,"Hiram, GA",$$,151-200 Guests,5,97,A truly all-inclusive wedding venue with a no-fee guarantee.
The Wildflower Barn at Little River Farms,"Alpharetta, GA",$,101-150 Guests,5,83,"A historic, family-owned barn renovated for weddings and events."
Little River Farms,"Alpharetta, GA",$$,201-250 Guests,4.9,190,A peaceful retreat with indoor and outdoor event spaces.
Venue 92,"Woodstock, GA",$$,151-200 Guests,4.9,89,A flexible venue accommodating various wedding visions.
SomeTheme Weddings & Events,Metro Atlanta and Surrounding Areas,$$$,51-100 Guests,5,8,A venue offering timeless elegance with large windows.
TPC Sugarloaf,"Duluth, GA",$$$,201-250 Guests,5,36,"TPC Sugarloaf is a remarkably elegant wedding venue located in Duluth, Georgia."
Foxhall Resort,"Douglasville, GA",$$$,201-250 Guests,4.2,63,"Situated in Douglasville, GA, Foxhall Resort is a picturesque wedding venue that provides couples with a full weekend experience."
Douglasville Conference Center,"Douglasville, GA",$$,300+ Guests,3,1,"Based in Douglasville, GA, the Douglasville Conference Center is a wedding venue with a purpose."
Payne Corley House,"Duluth, GA",$$,151-200 Guests,5,190,"In Duluth, GA, the Payne-Corley House is a wedding venue and restored farmhouse that offers you and guests a tranquil retreat for your celebrations."
The Grande At Kennesaw,"Kennesaw, GA",$$,201-250 Guests,4,10,"Based in Kennesaw, GA, The Grande At Kennesaw is a charming Victorian-style farmhouse and wedding venue."
Kite Manor Events & Studio,"Fayetteville, GA",$$$,51-100 Guests,,0,"Kite Manor Events & Studio is a unique and charming wedding venue in the south Atlanta area of Fayetteville, GA."
Genesis Ballroom,"Suwanee, GA",$$,251-300 Guests,0,0,"Established in 2022, Genesis Ballroom is an opulent wedding venue perfect for lavish occasions nestled in Suwanee, GA."
Hilton Alpharetta Atlanta,"Alpharetta, GA",$$,251-300 Guests,5,1,"Hilton Alpharetta Atlanta is a hotel and wedding venue situated in Alpharetta, Georgia."
St Ives Country Club,"Johns Creek, GA",$$$,201-250 Guests,4.7,14,"St Ives Country Club, one of Atlanta's most stunning wedding venues, located in Johns Creek."
Breckinridge Banquet Hall,"Duluth, GA",$$,101-150 Guests,4.8,27,"Breckinridge Banquet Hall is a wedding venue located in Duluth, Georgia, offering a memorable locale for your wedding celebrations."
Atlanta Marriott Alpharetta,"Alpharetta, GA",$$,300+ Guests,5,2,"The Atlanta Marriott Alpharetta is a luxurious hotel venue located in the heart of Alpharetta, GA."
Vines Mansion & Gardens,"Loganville, GA",$$,300+ Guests,4.6,31,"Vines Mansion is based in Loganville, Georgia, with an open vendor policy allowing you to bring in your own vendors."
Cherry Hollow Farm,"Chattahoochee Hills, GA",$$,151-200 Guests,5,6,Cherry Hollow Farm is an one-of-a-kind indoor/outdoor wedding and event venue.
Governors Towne Club,"Acworth, GA",$$,201-250 Guests,4.2,13,"Governors Towne Club is an elegant event and wedding venue nestled in Acworth, GA."
Atlanta Cosmopolitan Event Center,"Douglasville, GA",,,0,0,"Atlanta Cosmopolitan Event Center is a wedding venue located in Douglasville, GA."
Carl House,"Auburn, GA",$$$,201-250 Guests,4.8,185,"Carl House is a wedding venue located in Auburn, GA, offering elegant wedding celebrations."
The Wheeler House and Barn,"Ball Ground, GA",$$,251-300 Guests,4.9,124,"The Wheeler House is a rustic barn wedding venue located in Ball Ground, GA."
Vinewood Stables,"Newnan, GA",$$$,201-250 Guests,4.9,91,"Vinewood Stables is a historic homestead and wedding venue located in Newnan, GA."
Lillian Gardens,"Newnan, GA",$$$,151-200 Guests,5,37,"Lillian Gardens is a full-service event venue providing professional planning services in Newnan, GA."
The Venue at Stillwater Pond,"Temple, GA",$$,151-200 Guests,,0,"The Venue at Stillwater Pond is a stunning wedding venue located in Temple, GA."
Bradford House and Gardens,"Flowery Branch, GA",$$,101-150 Guests,5,42,"Bradford House and Gardens is a classic, southern home wedding venue in Flowery Branch, GA."
Koury Farms Weddings & Events,"Auburn, GA",$$,151-200 Guests,5,112,"Koury Farms Weddings & Events is a unique wedding venue located in Auburn, GA."
Lanier Islands Weddings,"Buford, GA",$$$,300+ Guests,4.7,170,"Lanier Islands Weddings provides breathtaking backdrops and world-class amenities in Buford, GA."
The Engine Room,"Monroe, GA",,300+ Guests,4.9,32,"The Engine Room at Monroe Cotton Mills is a unique wedding venue in historic downtown Monroe, GA."
In The Woods,"Rockmart, GA",$$$,201-250 Guests,5,23,"In the Woods is North Georgia's newest state-of-the-art Wedding and Event Venue in Rockmart, GA."
Hi-Def Events,"Newnan, GA",$$,251-300 Guests,5,11,"Hi-Def Events offers dazzling, modern event venue settings in Newnan, GA."
Four Oaks Manor,"Buford, GA",$$,101-150 Guests,4.7,50,"Four Oaks Manor is a garden wedding venue located in Buford, GA."
The Gathering at Golden Creek,"Bremen, GA",$$$,201-250 Guests,0,0,"The Gathering at Golden Creek is a wedding venue located in Bremen, GA."
Fendley Farmstead LLC,"Canton, GA",$$,151-200 Guests,5,114,"Fendley Farmstead, LLC is a picturesque farm wedding venue in Canton, GA."
Cherokee County Conference Center @ The Bluffs,"Canton, GA",,251-300 Guests,5,3,"Cherokee County Conference Center @ The Bluffs offers conference space in Canton, GA."
Mystic Acres Barn,"Griffin, GA",$$,251-300 Guests,0,0,"Mystic Acres Barn is a beautiful wedding venue located in Griffin, GA."
The Georgia Club,"Statham, GA",$$$,251-300 Guests,4.8,5,"The Georgia Club is a one-of-a-kind wedding venue in Statham, GA."
Sage Cottage,"Adairsville, GA",$$,151-200 Guests,4.6,11,Sage Cottage is the premier wedding venue in North Georgia.
The Willows Farm,"Marble Hill, GA",$$,201-250 Guests,5,98,"The Willows Farm is a country event venue in Marble Hill, GA."
"The Venue at Sharp Mountain, LLC","Jasper, GA",$$$,251-300 Guests,5,63,"The Venue at Sharp Mountain, LLC is a wedding and events venue in Jasper, GA."
Beautiful Beginnings Farm,"Newborn, GA",$,101-150 Guests,4.9,137,"Beautiful Beginnings Farm is a wedding venue in Newborn, GA."
The Tate House,"Tate, GA",$$$,201-250 Guests,4.9,35,"The Tate House is a historic wedding venue in Tate, GA."
Barn South,"Talmo, GA",,201-250 Guests,5,11,"Barn South is a luxury Southern destination in Talmo, GA."
Autumn Oaks of Winder,"Winder, GA",$$,101-150 Guests,5,2,"Autumn Oaks of Winder is a charming wedding venue in Winder, GA."
Magnolia Creek Farms,"Adairsville, GA",$$$,300+ Guests,5,5,"Magnolia Creek Farms is a countryside setting in Adairsville, GA."
Swan Lake Overlook,"Dawsonville, GA",$$$,251-300 Guests,5,11,"Swan Lake Overlook is a modern and elegant wedding venue in Dawsonville, GA."
"Thompson House & Gardens, 9 Oaks Farm, & 2425 Warehouse","Monroe, GA",$$,151-200 Guests,4.9,68,"Thompson House & Gardens is a stunning vintage Victorian home in Monroe, GA."
Gaither's at Myrtle Creek Farm,"Covington, GA",$$,151-200 Guests,5,3,"Gaither's at Myrtle Creek Farm is a historic setting in Covington, GA."
Spring Lake Events,"Rockmart, GA",$$,151-200 Guests,5,20,"Spring Lake Events is a picturesque venue in Rockmart, GA."
Hightower Falls,"Cedartown, GA",$$,251-300 Guests,4.9,92,"Hightower Falls is a picturesque wedding venue in Cedartown, GA."
Juliette Chapel,"Dahlonega, GA",$$,51-100 Guests,5,36,"Juliette Chapel is an ideal venue for intimate affairs in Dahlonega, GA."
The Chapel Athens,"Athens, GA",$$$,251-300 Guests,5,17,"The Chapel Athens is a pristine downtown estate in Athens, GA."
"Bogle Farm, LLC","Greenville, GA",$$$,251-300 Guests,4.9,48,"Bogle Farm, LLC is an award-winning wedding venue in Greenville, GA."
2400 On The River,"Ranger, GA",$$$,151-200 Guests,4.9,35,"2400 On The River is a rustic riverfront wedding venue in Ranger, GA."
The Sixty Two,"Madison, GA",$$,151-200 Guests,5,2,"The Sixty Two is a unique wedding venue in Atlanta, GA."
1051 Baxter,"Athens, GA",$$,251-300 Guests,5,1,"1051 Baxter is a brand new events facility in Athens, GA."
Georgian Hall,"Athens, GA",$$$,201-250 Guests,5,103,"Georgian Hall is an elegant historic wedding venue in Athens, GA."
Summit Farm Weddings,"Ellijay, GA",$$,101-150 Guests,4.9,117,"Summit Farm Weddings is an enchanting countryside venue in Ellijay, GA."
The Venue on Broad,"Athens, GA",$$,201-250 Guests,5,4,"The Venue on Broad offers a unique setting in Athens, GA."
Strawberry Roan Farm's Barn,"Dahlonega, GA",$$,101-150 Guests,5,1,"Strawberry Roan Farm's Barn is a rustic-chic venue in Dahlonega, GA."
27 on Park,"Dahlonega, GA",$$$,51-100 Guests,5,3,"27 on Park is a boutique hotel and wedding venue in Dahlonega, GA."
255 Milledge | Hardeman-Sams Estate,"Athens, GA",$$$,151-200 Guests,4.9,123,"255 Milledge is a historic estate in Athens, GA."
Taylor Estate,"Rome, GA",,,5,2,"Taylor Estate is a newly-built elegant venue in Rome, GA."
Ott Vineyards and Winery,"Ellijay, GA",,,0,0,"Ott Vineyards and Winery is a family-owned venue in Ellijay, GA."
Ivy & Oak,"Talking Rock, GA",$$,151-200 Guests,5,35,"Ivy & Oak is a chic and elegant venue in Talking Rock, GA."
The Falls at Blue Ridge,Georgia,$$$$,251-300 Guests,4.3,4,"Nestled on 700 acres in the Blue Ridge Mountains of Georgia, The Falls at Blue Ridge is a stunning wedding and event venue that offers breathtaking views, gorgeous indoor and outdoor spaces, rustic-luxury."
Cloverleaf Farm,"Athens-Clarke County, Oconee County",$$,300+ Guests,4.9,72,"Cloverleaf Farm is a stunning wedding venue set amidst a 30-acre farm just outside of Athens in Arnoldsville, GA."
CeNita Venue at CeNita Vineyards & Winery,"Cleveland, GA",$$,151-200 Guests,5,73,"CeNita Venue at CeNita Vineyards is a wedding venue in the foothills of the Northeast Georgia Mountains in Cleveland, GA."
Yonah Mountain Vineyards,"Cleveland, GA",$$$,201-250 Guests,4.9,49,"Yonah Mountain Vineyards is a charming, sprawling wedding venue located in Cleveland, GA."
South Elm Events,"Commerce GA, Athens GA",$$,101-150 Guests,5,3,South Elm Events is a wedding venue that offers a breathtaking ceremony bathed in sunlight and an elegant reception.
Grant Hill Farms,"Commerce, GA",$$,201-250 Guests,5,70,"Grant Hill Farms is a wedding venue nestled among 88 acres of peaceful Commerce, GA, farmland."
The Farm at Ashley Ridge,"Cleveland, GA",$$,151-200 Guests,5,12,"The Farm at Ashley Ridge is a serene countryside wedding venue located in Cleveland, GA."
McEachin Farm,"Athens, Northeast GA, Hartwell, Commerce",$$,101-150 Guests,5,2,"McEachin Farm is a stunning wedding venue in Atlanta, GA, that sets the stage for the celebration of a lifetime."
Enotah Valley Event Center,"Blairsville, GA",$$,51-100 Guests,5,5,"Enotah Valley Event Center is a rustic setting for weddings located in Blairsville, GA."
Butler Hall Events,"Gray, GA",$$,201-250 Guests,5,1,"Butler Hall Events is a historic wedding venue in Gray, Georgia."
Overlook 55,"Young Harris, GA",$$$$,151-200 Guests,5,7,Overlook 55 is a captivating wedding venue that seamlessly blends rustic charm with timeless elegance.
Brasstown Valley Resort & Spa,"Young Harris, GA",$$$,151-200 Guests,4.9,79,"Brasstown Valley Resort & Spa in Young Harris, GA, has it all for a wedding venue."
Walnut Hill Farm,"Dalton, GA",$$,300+ Guests,4.8,16,Walnut Hill Farm offers classic Southern elegance in the North Georgia Mountains.
The Barn at Young Harris,"Young Harris, GA",$$$,151-200 Guests,5,42,The Barn at Young Harris is a dream setting for couples looking for a rustic wedding venue.
The Estate at Stone Creek,"Macon, GA",$$,201-250 Guests,4.8,5,"The Estate at Stone Creek offers a historic setting for weddings in Macon, GA."
Lake Rabun Hotel & Restaurant,"Lakemont, GA",$$,101-150 Guests,5,2,Lake Rabun Hotel & Restaurant offers a cozy and intimate setting for weddings.
Rustic Vows,"Mineral Bluff, GA",$$,51-100 Guests,0,0,"Rustic Vows offers a barn-style setting for weddings in Mineral Bluff, GA."
The Ridges Resort on Lake Chatuge,"Hiawassee, GA",$$$,201-250 Guests,4.9,46,The Ridges Resort on Lake Chatuge is a lakeside wedding venue surrounded by mountains.
Bend of The River,"Hiawassee, GA",$$,300+ Guests,0,0,"Bend of the River is a tranquil wedding venue on Lake Chatuge in Hiawassee, Georgia."
Currahee Club,"Toccoa, GA",$$$,101-150 Guests,5,10,"Currahee Club offers serene lake and mountain views for weddings in Toccoa, GA."
Meadows at Mossy Creek,"Cleveland, GA",$$$$,251-300 Guests,5,39,"Meadows at Mossy Creek is a stylish and contemporary wedding venue in Cleveland, GA."
Hawkesdene,"Andrews, NC",$$$,101-150 Guests,5,58,"Hawkesdene is a Private Mountain Estate located in Andrews, NC."
The Dogwood Barn at G5Ranch,"Milledgeville, GA",$$$,300+ Guests,5,16,The Dogwood Barn at G5Ranch is a premier wedding venue for rustic romantic events.
Windsong Willows,"Hayesville, NC",$$,101-150 Guests,5,3,Windsong Willows is a charming wedding venue in the Blue Ridge Mountains.
Tryphena's Garden,"Fort Valley, GA",$$,151-200 Guests,4.9,18,Tryphena's Garden is a fairytale-like wedding venue near Atlanta and Macon.
Cloudland at McLemore Resort,"Rising Fawn, GA",$$$,251-300 Guests,4.2,6,"Cloudland at McLemore Resort offers breathtaking views at 2,300 feet above sea level."
Skull Shoals Park,"Washington, GA",$$,300+ Guests,0,0,"Skull Shoals Park is a 68-acre outdoor venue located in Historic Washington, GA."
Tiger Mountain Vineyards,"Tiger, GA",$$$,101-150 Guests,5,1,Tiger Mountain Vineyards offers a charming and intimate setting for outdoor weddings.
Kingsland Farm,"Hawkinsville, GA",$$,151-200 Guests,5,1,"Kingsland Farm is a picturesque and reclusive wedding venue in Hawkinsville, GA."
Forest Hill Park,"Perry, GA",$$,51-100 Guests,4.9,21,Forest Hill Park offers a picturesque 1920's white wedding chapel and other unique features.
The Icehouse Dublin,"Dublin, GA",$$,300+ Guests,3.7,3,"A beautifully restored, historic warehouse blending Southern style with urban flair."
The Partridge Inn,"Augusta, GA",$$$,101-150 Guests,4.3,6,"An elegant, timelessly beautiful setting for milestone celebrations."
Augusta Marriott Hotel & Suites,"Augusta, GA",$$,300+ Guests,4.8,18,"A hotel on the Savannah River waterfront, meticulously redesigned for guest experience."
Padgett's Farm,"Waynesboro, GA",$$,251-300 Guests,5,1,A gem of a wedding venue nestled on 610 acres of nature.
Quinney Oaks Plantation,"Millen, GA",$$,300+ Guests,4.8,18,A venue that makes every occasion feel special.
